﻿<?xml version="1.0" encoding="utf-8"?>
<Feature xmlns="http://schemas.microsoft.com/sharepoint/" Description="SharePoint App Feature" Id="531fa817-f04a-41fb-870d-b4a9b378bff5" Scope="Web" Title="TestAngularSP Feature1" Version="1.0.0.0">
  <ElementManifests>
    <ElementManifest Location="Pages\Elements.xml" />
    <ElementFile Location="Pages\Default.aspx" />
    <ElementManifest Location="Scripts\Elements.xml" />
    <ElementFile Location="Scripts\App.js" />
    <ElementFile Location="Scripts\jquery-1.9.1.min.map" />
    <ElementFile Location="Scripts\jquery-1.9.1.min.js" />
    <ElementFile Location="Scripts\jquery-1.9.1.js" />
    <ElementFile Location="Scripts\jquery-1.9.1.intellisense.js" />
    <ElementFile Location="Scripts\TestAngularSPApp.js" />
    <ElementFile Location="Scripts\AngularSP.js" />
    <ElementFile Location="Scripts\angular-route.js" />
    <ElementFile Location="Scripts\angular-route-min.js.map" />
    <ElementFile Location="Scripts\Controllers\ListOpsController.js" />
    <ElementFile Location="Scripts\Controllers\SearchOpsController.js" />
    <ElementFile Location="Scripts\AngularSP.min.js" />
    <ElementFile Location="Scripts\AngularSP.min.js.map" />
    <ElementManifest Location="Content\Elements.xml" />
    <ElementFile Location="Content\App.css" />
    <ElementFile Location="Content\ListOps.html" />
    <ElementFile Location="Content\SearchOps.html" />
    <ElementManifest Location="Images\Elements.xml" />
    <ElementFile Location="Images\AppIcon.png" />
    <ElementManifest Location="TestListInstance\Elements.xml" />
    <ElementManifest Location="TestList\Elements.xml" />
    <ElementFile Location="TestList\Schema.xml" />
  </ElementManifests>
  <UpgradeActions>
    <VersionRange>
      <ApplyElementManifests>
        <ElementManifest Location="Pages\Elements.xml" />
        <ElementManifest Location="Scripts\Elements.xml" />
        <ElementManifest Location="Content\Elements.xml" />
        <ElementManifest Location="Images\Elements.xml" />
        <ElementManifest Location="TestListInstance\Elements.xml" />
        <ElementManifest Location="TestList\Elements.xml" />
      </ApplyElementManifests>
    </VersionRange>
  </UpgradeActions>
</Feature>