﻿<?xml version="1.0" encoding="utf-8"?>
<Elements xmlns="http://schemas.microsoft.com/sharepoint/">
  <Module Name="Scripts">
    <File Path="Scripts\App.js" Url="Scripts/App.js" ReplaceContent="TRUE" />
    <File Path="Scripts\jquery-1.9.1.min.map" Url="Scripts/jquery-1.9.1.min.map" ReplaceContent="TRUE" />
    <File Path="Scripts\jquery-1.9.1.min.js" Url="Scripts/jquery-1.9.1.min.js" ReplaceContent="TRUE" />
    <File Path="Scripts\jquery-1.9.1.js" Url="Scripts/jquery-1.9.1.js" ReplaceContent="TRUE" />
    <File Path="Scripts\jquery-1.9.1.intellisense.js" Url="Scripts/jquery-1.9.1.intellisense.js" ReplaceContent="TRUE" />
    <File Path="Scripts\TestAngularSPApp.js" Url="Scripts/TestAngularSPApp.js" ReplaceContent="TRUE" />
    <File Path="Scripts\AngularSP.js" Url="Scripts/AngularSP.js" ReplaceContent="TRUE" />
    <File Path="Scripts\angular-route.js" Url="Scripts/angular-route.js" ReplaceContent="TRUE" />
    <File Path="Scripts\angular-route-min.js.map" Url="Scripts/angular-route-min.js.map" ReplaceContent="TRUE" />
    <File Path="Scripts\Controllers\ListOpsController.js" Url="Scripts/Controllers/ListOpsController.js" ReplaceContent="TRUE" />
    <File Path="Scripts\Controllers\SearchOpsController.js" Url="Scripts/Controllers/SearchOpsController.js" ReplaceContent="TRUE" />
    <File Path="Scripts\AngularSP.min.js" Url="Scripts/AngularSP.min.js" ReplaceContent="TRUE" />
    <File Path="Scripts\AngularSP.min.js.map" Url="Scripts/AngularSP.min.js.map" ReplaceContent="TRUE" />
  </Module>
</Elements>
